{"stats":{"minecraft:custom":{"minecraft:time_since_rest":8332,"minecraft:sprint_one_cm":234754,"minecraft:damage_taken":425,"minecraft:walk_one_cm":754183,"minecraft:mob_kills":20,"minecraft:drop":14,"minecraft:damage_dealt":3379,"minecraft:fly_one_cm":1157891,"minecraft:crouch_one_cm":11328,"minecraft:play_one_minute":320308,"minecraft:open_shulker_box":20,"minecraft:deaths":5,"minecraft:sneak_time":5876,"minecraft:jump":1033,"minecraft:leave_game":35,"minecraft:walk_on_water_one_cm":4047,"minecraft:time_since_death":8262,"minecraft:climb_one_cm":14766,"minecraft:fall_one_cm":624},"minecraft:used":{"minecraft:redstone_torch":7,"minecraft:sticky_piston":11,"minecraft:stone_brick_slab":278,"minecraft:water_bucket":13,"minecraft:lever":5,"minecraft:enchanting_table":1,"minecraft:flint_and_steel":13,"minecraft:red_wool":3,"minecraft:birch_slab":299,"minecraft:birch_planks":5,"minecraft:lantern":10,"minecraft:grass_block":15,"minecraft:redstone":20,"minecraft:slime_block":4,"minecraft:ladder":18,"minecraft:map":6,"minecraft:chest":7,"minecraft:black_glazed_terracotta":1,"minecraft:bell":4,"minecraft:item_frame":217,"minecraft:stone_brick_stairs":4,"minecraft:light_gray_shulker_box":6,"minecraft:stone_bricks":5798,"minecraft:torch":322,"minecraft:diamond_sword":130,"minecraft:bow":18,"minecraft:hay_block":14,"minecraft:end_portal_frame":4,"minecraft:campfire":5,"minecraft:bucket":13,"minecraft:smooth_stone_slab":963},"minecraft:dropped":{"minecraft:water_bucket":1,"minecraft:diamond_sword":1,"minecraft:gunpowder":4,"minecraft:smooth_stone_slab":4,"minecraft:rotten_flesh":4,"minecraft:arrow":8,"minecraft:bow":2,"minecraft:string":1,"minecraft:bone":9,"minecraft:item_frame":1},"minecraft:killed_by":{"minecraft:player":1},"minecraft:killed":{"minecraft:skeleton":9,"minecraft:trader_llama":1,"minecraft:zombie":4,"minecraft:spider":1,"minecraft:creeper":5},"minecraft:picked_up":{"minecraft:lime_wool":1,"minecraft:light_gray_shulker_box":1,"minecraft:water_bucket":1,"minecraft:lead":2,"minecraft:leather":2,"minecraft:torch":6,"minecraft:diamond_sword":2,"minecraft:gunpowder":9,"minecraft:redstone":1,"minecraft:string":4,"minecraft:flint_and_steel":1,"minecraft:smooth_stone_slab":5,"minecraft:sticky_piston":1,"minecraft:item_frame":2,"minecraft:bone":21,"minecraft:arrow":16,"minecraft:rotten_flesh":18,"minecraft:bow":3,"minecraft:redstone_torch":1}},"DataVersion":1968}