{"stats":{"minecraft:used":{"minecraft:water_bucket":32,"minecraft:flint_and_steel":16,"minecraft:birch_planks":1248,"minecraft:lime_wool":45,"minecraft:ladder":127,"minecraft:green_banner":4,"minecraft:chest":20,"minecraft:bell":8,"minecraft:light_gray_shulker_box":3,"minecraft:torch":205,"minecraft:dirt":22,"minecraft:cobblestone_wall":114,"minecraft:campfire":30,"minecraft:stone_brick_wall":97,"minecraft:birch_fence":9,"minecraft:andesite_wall":4,"minecraft:stone_brick_slab":435,"minecraft:lever":2,"minecraft:red_wool":25,"minecraft:birch_slab":577,"minecraft:grass_block":57,"minecraft:map":2,"minecraft:green_wool":1,"minecraft:stone_brick_stairs":147,"minecraft:barrel":2,"minecraft:stone_bricks":16975,"minecraft:item_frame":92,"minecraft:chiseled_stone_bricks":44,"minecraft:diamond_sword":8,"minecraft:magma_block":1,"minecraft:bow":381,"minecraft:hay_block":36,"minecraft:bucket":32,"minecraft:smooth_stone_slab":1483,"minecraft:smooth_stone":5},"minecraft:picked_up":{"minecraft:crafting_table":1,"minecraft:birch_slab":1,"minecraft:leather":4,"minecraft:yellow_dye":60,"minecraft:lead":2,"minecraft:diamond_sword":1,"minecraft:filled_map":1,"minecraft:light_gray_dye":63,"minecraft:gunpowder":27,"minecraft:map":1,"minecraft:dirt":5,"minecraft:string":6,"minecraft:white_banner":16,"minecraft:smooth_stone_slab":2,"minecraft:flint_and_steel":2,"minecraft:sticky_piston":1,"minecraft:item_frame":2,"minecraft:bone":40,"minecraft:stone_bricks":10,"minecraft:bow":5,"minecraft:bell":1,"minecraft:beef":9,"minecraft:oak_fence_gate":1,"minecraft:chest":1,"minecraft:green_dye":60,"minecraft:lime_wool":3,"minecraft:torch":7,"minecraft:oak_fence":1,"minecraft:stone_brick_slab":2,"minecraft:white_dye":62,"minecraft:loom":1,"minecraft:redstone":1,"minecraft:lime_banner":1,"minecraft:arrow":34,"minecraft:rotten_flesh":30,"minecraft:mutton":1,"minecraft:white_wool":1},"minecraft:killed":{"minecraft:spider":4,"minecraft:wandering_trader":1,"minecraft:creeper":1,"minecraft:sheep":3,"minecraft:skeleton":2,"minecraft:trader_llama":1,"minecraft:zombie":2,"minecraft:cow":7},"minecraft:dropped":{"minecraft:smooth_stone_slab":1,"minecraft:sticky_piston":1,"minecraft:rotten_flesh":2,"minecraft:flint_and_steel":2,"minecraft:item_frame":1,"minecraft:diamond_sword":1,"minecraft:gunpowder":4,"minecraft:chest":1,"minecraft:stone_bricks":7,"minecraft:arrow":8,"minecraft:bow":3,"minecraft:bell":1,"minecraft:string":1,"minecraft:redstone":1,"minecraft:bone":9},"minecraft:custom":{"minecraft:mob_kills":21,"minecraft:open_barrel":3,"minecraft:play_one_minute":618328,"minecraft:open_shulker_box":34,"minecraft:bell_ring":140,"minecraft:leave_game":5,"minecraft:time_since_death":24194,"minecraft:climb_one_cm":43112,"minecraft:time_since_rest":24239,"minecraft:sprint_one_cm":199288,"minecraft:damage_taken":40,"minecraft:walk_one_cm":828099,"minecraft:drop":24,"minecraft:damage_dealt":656,"minecraft:talked_to_villager":1,"minecraft:fly_one_cm":3663282,"minecraft:player_kills":1,"minecraft:crouch_one_cm":46494,"minecraft:deaths":4,"minecraft:sneak_time":22569,"minecraft:jump":2340,"minecraft:walk_on_water_one_cm":938}},"DataVersion":1968}